﻿{
  "softwares": [
    {
      "id": "BIMnorm.Revit2023",
      "name": "BIMnorm pour Revit 2023",
      "category": "Revit",
      "version": "1.0.0",
      "status": "installed",
      "description": "Outils avancés pour Revit 2023.",
      "downloadUrl": "https://example.com/bimnorm-revit2023.zip"
    },
    {
      "id": "BIMnorm.Revit2024",
      "name": "BIMnorm pour Revit 2024",
      "category": "Revit",
      "version": "1.0.0",
      "status": "available",
      "description": "Nouvelle version compatible avec Revit 2024.",
      "downloadUrl": "https://example.com/bimnorm-revit2024.zip"
    },
    {
      "id": "CADnorm.Autocad2023",
      "name": "CADnorm pour AutoCAD 2023",
      "category": "AutoCAD",
      "version": "1.0.0",
      "status": "available",
      "description": "Optimisation des workflows AutoCAD.",
      "downloadUrl": "https://example.com/cadnorm-autocad2023.zip"
    }
  ]
}
